{"scheduled_sampling": "\"m=0 (0.72) m=1 (0.28)\"", "_timestamp": 1717495429.8181276, "loss": 0.002252864884212613, "lr": 7.348476231190315e-05, "step": 38930, "_runtime": 23949.34431862831, "_step": 38931, "clean_images": {"_type": "images/separated", "width": 128, "height": 128, "format": "png", "count": 16, "filenames": ["media/images/clean_images_34750_402b195487d783e30741.png", "media/images/clean_images_34750_31b98ba9136b3f01599a.png", "media/images/clean_images_34750_43086f5c2999cada5555.png", "media/images/clean_images_34750_69cd6c63410a7c2395c5.png", "media/images/clean_images_34750_ed293265ee15f96e4974.png", "media/images/clean_images_34750_42ad2d4fef5d1d7ddcc8.png", "media/images/clean_images_34750_fff98ed719f8000b849c.png", "media/images/clean_images_34750_a11bbc524cb16baa686e.png", "media/images/clean_images_34750_c8babb41ceb9591c6f04.png", "media/images/clean_images_34750_8651e842f2178f105e80.png", "media/images/clean_images_34750_9fedf07effd690476bdf.png", "media/images/clean_images_34750_c3bfdb1efd4e0015f7ed.png", "media/images/clean_images_34750_167856f87c8ad6ae431c.png", "media/images/clean_images_34750_082424f9958dace1cc25.png", "media/images/clean_images_34750_db07a2eef9987b311ffd.png", "media/images/clean_images_34750_635cec3bbfabaea9be73.png"], "captions": ["B-3711.png", "C4243.png", "C-169.png", "C3470.png", "C8427.png", "A-3468.png", "C581.png", "A-991.png", "A-3865.png", "B-1221.png", "C8868.png", "A-2206.png", "A-1065.png", "C-947.png", "C8588.png", "C3085.png"]}, "noisy_images": {"_type": "images/separated", "width": 128, "height": 128, "format": "png", "count": 16, "filenames": ["media/images/noisy_images_34751_94effe4356a4ada1d018.png", "media/images/noisy_images_34751_b62bd1c39f09a0cb9402.png", "media/images/noisy_images_34751_ab1d71f92ffb8179b0e7.png", "media/images/noisy_images_34751_dc47588c410457dad781.png", "media/images/noisy_images_34751_92ac746346c640dbf167.png", "media/images/noisy_images_34751_b092a8cc4bc6641b80e7.png", "media/images/noisy_images_34751_294807db08611c9c7823.png", "media/images/noisy_images_34751_af38ff81008e74e4198b.png", "media/images/noisy_images_34751_afe6d4d6b4fc15f85ac7.png", "media/images/noisy_images_34751_183e593cbb9514915043.png", "media/images/noisy_images_34751_e0179ac9c0c1f8ba5de1.png", "media/images/noisy_images_34751_9992f7e277195507eacf.png", "media/images/noisy_images_34751_68eb8933534871c0ae98.png", "media/images/noisy_images_34751_1ed26a118138512f03ca.png", "media/images/noisy_images_34751_26a99d4689ba62b523c6.png", "media/images/noisy_images_34751_0c71d6145ad9306a8ce9.png"], "captions": ["B-3711.png", "C4243.png", "C-169.png", "C3470.png", "C8427.png", "A-3468.png", "C581.png", "A-991.png", "A-3865.png", "B-1221.png", "C8868.png", "A-2206.png", "A-1065.png", "C-947.png", "C8588.png", "C3085.png"]}, "_wandb": {"runtime": 23949}}