{
    "os": "Linux-6.2.0-39-generic-x86_64-with-glibc2.35",
    "python": "3.10.12",
    "heartbeatAt": "2024-06-03T12:33:11.235151",
    "startedAt": "2024-06-03T12:33:10.436151",
    "docker": null,
    "cuda": null,
    "args": [
        "--dataset_name",
        "yuntian-deng/im2smiles-20k",
        "--save_dir",
        "models/molecules"
    ],
    "state": "running",
    "program": "/home/spooky/Documents/Github Projects/markup2im/src/train.py",
    "codePathLocal": "train.py",
    "codePath": "train.py",
    "host": "Ghost",
    "username": "spooky",
    "executable": "/home/spooky/Documents/Github Projects/markup2im/markup/bin/python",
    "cpu_count": 12,
    "cpu_count_logical": 20,
    "cpu_freq": {
        "current": 2706.8857999999996,
        "min": 800.0,
        "max": 4700.0
    },
    "cpu_freq_per_core": [
        {
            "current": 2209.905,
            "min": 800.0,
            "max": 4900.0
        },
        {
            "current": 1962.206,
            "min": 800.0,
            "max": 4900.0
        },
        {
            "current": 1043.294,
            "min": 800.0,
            "max": 4900.0
        },
        {
            "current": 3600.0,
            "min": 800.0,
            "max": 4900.0
        },
        {
            "current": 3600.0,
            "min": 800.0,
            "max": 4900.0
        },
        {
            "current": 3600.0,
            "min": 800.0,
            "max": 4900.0
        },
        {
            "current": 1875.373,
            "min": 800.0,
            "max": 4900.0
        },
        {
            "current": 2388.7,
            "min": 800.0,
            "max": 4900.0
        },
        {
            "current": 2459.488,
            "min": 800.0,
            "max": 5000.0
        },
        {
            "current": 3600.0,
            "min": 800.0,
            "max": 5000.0
        },
        {
            "current": 1591.622,
            "min": 800.0,
            "max": 5000.0
        },
        {
            "current": 3600.0,
            "min": 800.0,
            "max": 5000.0
        },
        {
            "current": 3600.0,
            "min": 800.0,
            "max": 4900.0
        },
        {
            "current": 2216.255,
            "min": 800.0,
            "max": 4900.0
        },
        {
            "current": 2296.394,
            "min": 800.0,
            "max": 4900.0
        },
        {
            "current": 3600.0,
            "min": 800.0,
            "max": 4900.0
        },
        {
            "current": 1144.043,
            "min": 800.0,
            "max": 3800.0
        },
        {
            "current": 3600.0,
            "min": 800.0,
            "max": 3800.0
        },
        {
            "current": 3600.0,
            "min": 800.0,
            "max": 3800.0
        },
        {
            "current": 3600.0,
            "min": 800.0,
            "max": 3800.0
        }
    ],
    "disk": {
        "/": {
            "total": 732.4763107299805,
            "used": 599.5024261474609
        }
    },
    "gpu": "NVIDIA GeForce RTX 3090",
    "gpu_count": 1,
    "gpu_devices": [
        {
            "name": "NVIDIA GeForce RTX 3090",
            "memory_total": 25769803776
        }
    ],
    "memory": {
        "total": 62.60329818725586
    }
}
