{
    "os": "Linux-6.2.0-39-generic-x86_64-with-glibc2.35",
    "python": "3.10.12",
    "heartbeatAt": "2024-05-27T16:17:38.034368",
    "startedAt": "2024-05-27T16:17:36.930917",
    "docker": null,
    "cuda": null,
    "args": [],
    "state": "running",
    "program": "/home/spooky/Documents/Github Projects/markup2im/src/train.py",
    "codePathLocal": "src/train.py",
    "codePath": "src/train.py",
    "host": "Ghost",
    "username": "spooky",
    "executable": "/home/spooky/Documents/Github Projects/markup2im/markup/bin/python",
    "cpu_count": 12,
    "cpu_count_logical": 20,
    "cpu_freq": {
        "current": 1648.9975000000002,
        "min": 800.0,
        "max": 4700.0
    },
    "cpu_freq_per_core": [
        {
            "current": 1015.922,
            "min": 800.0,
            "max": 4900.0
        },
        {
            "current": 1059.213,
            "min": 800.0,
            "max": 4900.0
        },
        {
            "current": 1005.974,
            "min": 800.0,
            "max": 4900.0
        },
        {
            "current": 843.312,
            "min": 800.0,
            "max": 4900.0
        },
        {
            "current": 1063.342,
            "min": 800.0,
            "max": 4900.0
        },
        {
            "current": 3600.0,
            "min": 800.0,
            "max": 4900.0
        },
        {
            "current": 988.971,
            "min": 800.0,
            "max": 4900.0
        },
        {
            "current": 3600.0,
            "min": 800.0,
            "max": 4900.0
        },
        {
            "current": 815.46,
            "min": 800.0,
            "max": 5000.0
        },
        {
            "current": 819.764,
            "min": 800.0,
            "max": 5000.0
        },
        {
            "current": 946.571,
            "min": 800.0,
            "max": 5000.0
        },
        {
            "current": 3600.0,
            "min": 800.0,
            "max": 5000.0
        },
        {
            "current": 914.445,
            "min": 800.0,
            "max": 4900.0
        },
        {
            "current": 3600.0,
            "min": 800.0,
            "max": 4900.0
        },
        {
            "current": 884.445,
            "min": 800.0,
            "max": 4900.0
        },
        {
            "current": 3600.0,
            "min": 800.0,
            "max": 4900.0
        },
        {
            "current": 799.878,
            "min": 800.0,
            "max": 3800.0
        },
        {
            "current": 800.099,
            "min": 800.0,
            "max": 3800.0
        },
        {
            "current": 800.235,
            "min": 800.0,
            "max": 3800.0
        },
        {
            "current": 799.848,
            "min": 800.0,
            "max": 3800.0
        }
    ],
    "disk": {
        "/": {
            "total": 732.4763107299805,
            "used": 593.1665458679199
        }
    },
    "gpu": "NVIDIA GeForce RTX 3090",
    "gpu_count": 1,
    "gpu_devices": [
        {
            "name": "NVIDIA GeForce RTX 3090",
            "memory_total": 25769803776
        }
    ],
    "memory": {
        "total": 62.603302001953125
    }
}
