{
    "os": "Linux-6.2.0-39-generic-x86_64-with-glibc2.35",
    "python": "3.10.12",
    "heartbeatAt": "2024-06-03T13:06:12.104711",
    "startedAt": "2024-06-03T13:06:11.469433",
    "docker": null,
    "cuda": null,
    "args": [
        "--dataset_name",
        "yuntian-deng/im2smiles-20k",
        "--save_dir",
        "models/molecules"
    ],
    "state": "running",
    "program": "/home/spooky/Documents/Github Projects/markup2im/src/train.py",
    "codePathLocal": "train.py",
    "codePath": "train.py",
    "host": "Ghost",
    "username": "spooky",
    "executable": "/home/spooky/Documents/Github Projects/markup2im/markup/bin/python",
    "cpu_count": 12,
    "cpu_count_logical": 20,
    "cpu_freq": {
        "current": 2371.97675,
        "min": 800.0,
        "max": 4700.0
    },
    "cpu_freq_per_core": [
        {
            "current": 3550.85,
            "min": 800.0,
            "max": 4900.0
        },
        {
            "current": 1045.733,
            "min": 800.0,
            "max": 4900.0
        },
        {
            "current": 3930.163,
            "min": 800.0,
            "max": 4900.0
        },
        {
            "current": 2741.925,
            "min": 800.0,
            "max": 4900.0
        },
        {
            "current": 3285.661,
            "min": 800.0,
            "max": 4900.0
        },
        {
            "current": 3600.0,
            "min": 800.0,
            "max": 4900.0
        },
        {
            "current": 4115.613,
            "min": 800.0,
            "max": 4900.0
        },
        {
            "current": 3600.0,
            "min": 800.0,
            "max": 4900.0
        },
        {
            "current": 3885.895,
            "min": 800.0,
            "max": 5000.0
        },
        {
            "current": 3600.0,
            "min": 800.0,
            "max": 5000.0
        },
        {
            "current": 3223.216,
            "min": 800.0,
            "max": 5000.0
        },
        {
            "current": 3600.0,
            "min": 800.0,
            "max": 5000.0
        },
        {
            "current": 4135.711,
            "min": 800.0,
            "max": 4900.0
        },
        {
            "current": 3600.0,
            "min": 800.0,
            "max": 4900.0
        },
        {
            "current": 3046.391,
            "min": 800.0,
            "max": 4900.0
        },
        {
            "current": 3359.603,
            "min": 800.0,
            "max": 4900.0
        },
        {
            "current": 1983.072,
            "min": 800.0,
            "max": 3800.0
        },
        {
            "current": 1931.636,
            "min": 800.0,
            "max": 3800.0
        },
        {
            "current": 3600.0,
            "min": 800.0,
            "max": 3800.0
        },
        {
            "current": 2580.792,
            "min": 800.0,
            "max": 3800.0
        }
    ],
    "disk": {
        "/": {
            "total": 732.4763107299805,
            "used": 600.9537734985352
        }
    },
    "gpu": "NVIDIA GeForce RTX 3090",
    "gpu_count": 1,
    "gpu_devices": [
        {
            "name": "NVIDIA GeForce RTX 3090",
            "memory_total": 25769803776
        }
    ],
    "memory": {
        "total": 62.60329818725586
    }
}
