{"loss": 0.006955335848033428, "lr": 9.697459038696563e-05, "step": 1691, "scheduled sampling": "\"m=0 (0.88) m=1 (0.12)\"", "_timestamp": 1717421427.7177842, "_runtime": 1045.3600311279297, "_step": 1691, "clean_images": {"_type": "image-file", "sha256": "c566b70f5a6bcffdcdc4aacc58ea02245fbed7937aabea4813bf94f5cd6bb9b5", "size": 63696, "path": "media/images/clean_images_1120_c566b70f5a6bcffdcdc4.png", "format": "png", "width": 1042, "height": 262, "caption": "Images Epoch 0"}, "noisy_images": {"_type": "image-file", "sha256": "3c20d8e9af430c5eba93c65ac708a98cc5731f812a4d0c32cd1cac33ce0fbcae", "size": 726362, "path": "media/images/noisy_images_1121_3c20d8e9af430c5eba93.png", "format": "png", "width": 1042, "height": 262, "caption": "Noisy Images Epoch 0"}, "_wandb": {"runtime": 1045}}