{
    "os": "Linux-6.2.0-39-generic-x86_64-with-glibc2.35",
    "python": "3.10.12",
    "heartbeatAt": "2024-06-03T13:13:03.048991",
    "startedAt": "2024-06-03T13:13:02.354539",
    "docker": null,
    "cuda": null,
    "args": [
        "--dataset_name",
        "yuntian-deng/im2smiles-20k",
        "--save_dir",
        "models/molecules"
    ],
    "state": "running",
    "program": "/home/spooky/Documents/Github Projects/markup2im/src/train.py",
    "codePathLocal": "train.py",
    "codePath": "train.py",
    "host": "Ghost",
    "username": "spooky",
    "executable": "/home/spooky/Documents/Github Projects/markup2im/markup/bin/python",
    "cpu_count": 12,
    "cpu_count_logical": 20,
    "cpu_freq": {
        "current": 2495.6531,
        "min": 800.0,
        "max": 4700.0
    },
    "cpu_freq_per_core": [
        {
            "current": 800.308,
            "min": 800.0,
            "max": 4900.0
        },
        {
            "current": 3600.0,
            "min": 800.0,
            "max": 4900.0
        },
        {
            "current": 3600.0,
            "min": 800.0,
            "max": 4900.0
        },
        {
            "current": 870.631,
            "min": 800.0,
            "max": 4900.0
        },
        {
            "current": 1976.063,
            "min": 800.0,
            "max": 4900.0
        },
        {
            "current": 1054.464,
            "min": 800.0,
            "max": 4900.0
        },
        {
            "current": 2000.57,
            "min": 800.0,
            "max": 4900.0
        },
        {
            "current": 3600.0,
            "min": 800.0,
            "max": 4900.0
        },
        {
            "current": 800.152,
            "min": 800.0,
            "max": 5000.0
        },
        {
            "current": 3600.0,
            "min": 800.0,
            "max": 5000.0
        },
        {
            "current": 800.047,
            "min": 800.0,
            "max": 5000.0
        },
        {
            "current": 3600.0,
            "min": 800.0,
            "max": 5000.0
        },
        {
            "current": 1996.989,
            "min": 800.0,
            "max": 4900.0
        },
        {
            "current": 3600.0,
            "min": 800.0,
            "max": 4900.0
        },
        {
            "current": 798.453,
            "min": 800.0,
            "max": 4900.0
        },
        {
            "current": 1577.44,
            "min": 800.0,
            "max": 4900.0
        },
        {
            "current": 801.184,
            "min": 800.0,
            "max": 3800.0
        },
        {
            "current": 3600.0,
            "min": 800.0,
            "max": 3800.0
        },
        {
            "current": 3600.0,
            "min": 800.0,
            "max": 3800.0
        },
        {
            "current": 3600.0,
            "min": 800.0,
            "max": 3800.0
        }
    ],
    "disk": {
        "/": {
            "total": 732.4763107299805,
            "used": 600.9551849365234
        }
    },
    "gpu": "NVIDIA GeForce RTX 3090",
    "gpu_count": 1,
    "gpu_devices": [
        {
            "name": "NVIDIA GeForce RTX 3090",
            "memory_total": 25769803776
        }
    ],
    "memory": {
        "total": 62.60329818725586
    }
}
