{"scheduled_sampling": "\"m=0 (0.85) m=1 (0.15)\"", "_timestamp": 1717508487.1254187, "loss": 0.0020012124441564083, "lr": 9.18374449482166e-05, "step": 21084, "_runtime": 13051.108887672424, "_step": 21085, "clean_images": {"_type": "images/separated", "width": 128, "height": 128, "format": "png", "count": 16, "filenames": ["media/images/clean_images_17935_402b195487d783e30741.png", "media/images/clean_images_17935_31b98ba9136b3f01599a.png", "media/images/clean_images_17935_43086f5c2999cada5555.png", "media/images/clean_images_17935_69cd6c63410a7c2395c5.png", "media/images/clean_images_17935_ed293265ee15f96e4974.png", "media/images/clean_images_17935_42ad2d4fef5d1d7ddcc8.png", "media/images/clean_images_17935_fff98ed719f8000b849c.png", "media/images/clean_images_17935_a11bbc524cb16baa686e.png", "media/images/clean_images_17935_c8babb41ceb9591c6f04.png", "media/images/clean_images_17935_8651e842f2178f105e80.png", "media/images/clean_images_17935_9fedf07effd690476bdf.png", "media/images/clean_images_17935_c3bfdb1efd4e0015f7ed.png", "media/images/clean_images_17935_167856f87c8ad6ae431c.png", "media/images/clean_images_17935_082424f9958dace1cc25.png", "media/images/clean_images_17935_db07a2eef9987b311ffd.png", "media/images/clean_images_17935_635cec3bbfabaea9be73.png"], "captions": ["B-3711.png", "C4243.png", "C-169.png", "C3470.png", "C8427.png", "A-3468.png", "C581.png", "A-991.png", "A-3865.png", "B-1221.png", "C8868.png", "A-2206.png", "A-1065.png", "C-947.png", "C8588.png", "C3085.png"]}, "noisy_images": {"_type": "images/separated", "width": 128, "height": 128, "format": "png", "count": 16, "filenames": ["media/images/noisy_images_17936_7050c7ca3a5ce37d7e1b.png", "media/images/noisy_images_17936_a6a1a6f45a51eb11862c.png", "media/images/noisy_images_17936_c3c416eea799979c02e9.png", "media/images/noisy_images_17936_86906770368ec8e18ef6.png", "media/images/noisy_images_17936_3a9280cbe9cee73199a0.png", "media/images/noisy_images_17936_a3ff88e4ca9c9e635bf1.png", "media/images/noisy_images_17936_75e25a5c452f129d02b8.png", "media/images/noisy_images_17936_6e497de25f2e37e61775.png", "media/images/noisy_images_17936_c6b75b67ae3bd3cbf164.png", "media/images/noisy_images_17936_35d52bdfbc128340819e.png", "media/images/noisy_images_17936_5f809b971df7875d1a06.png", "media/images/noisy_images_17936_322600bc768d5aac9752.png", "media/images/noisy_images_17936_439768b9426febd6635e.png", "media/images/noisy_images_17936_c1827e04d5835cd2a218.png", "media/images/noisy_images_17936_7650a770a88bc2ec1294.png", "media/images/noisy_images_17936_d90466bd946d055ce224.png"], "captions": ["B-3711.png", "C4243.png", "C-169.png", "C3470.png", "C8427.png", "A-3468.png", "C581.png", "A-991.png", "A-3865.png", "B-1221.png", "C8868.png", "A-2206.png", "A-1065.png", "C-947.png", "C8588.png", "C3085.png"]}, "_wandb": {"runtime": 13050}}