{
    "os": "Linux-6.2.0-39-generic-x86_64-with-glibc2.35",
    "python": "3.10.12",
    "heartbeatAt": "2024-06-04T10:03:56.678851",
    "startedAt": "2024-06-04T10:03:56.007303",
    "docker": null,
    "cuda": null,
    "args": [
        "--dataset_name",
        "yuntian-deng/im2smiles-20k",
        "--save_dir",
        "models/molecules"
    ],
    "state": "running",
    "program": "/home/spooky/Documents/Github Projects/markup2im/src/train.py",
    "codePathLocal": "train.py",
    "codePath": "train.py",
    "host": "Ghost",
    "username": "spooky",
    "executable": "/home/spooky/Documents/Github Projects/markup2im/markup/bin/python",
    "cpu_count": 12,
    "cpu_count_logical": 20,
    "cpu_freq": {
        "current": 3716.231100000001,
        "min": 800.0,
        "max": 4700.0
    },
    "cpu_freq_per_core": [
        {
            "current": 4702.107,
            "min": 800.0,
            "max": 4900.0
        },
        {
            "current": 3754.707,
            "min": 800.0,
            "max": 4900.0
        },
        {
            "current": 4748.019,
            "min": 800.0,
            "max": 4900.0
        },
        {
            "current": 4769.265,
            "min": 800.0,
            "max": 4900.0
        },
        {
            "current": 3655.329,
            "min": 800.0,
            "max": 4900.0
        },
        {
            "current": 3600.0,
            "min": 800.0,
            "max": 4900.0
        },
        {
            "current": 3762.022,
            "min": 800.0,
            "max": 4900.0
        },
        {
            "current": 3843.686,
            "min": 800.0,
            "max": 4900.0
        },
        {
            "current": 4729.997,
            "min": 800.0,
            "max": 5000.0
        },
        {
            "current": 3600.0,
            "min": 800.0,
            "max": 5000.0
        },
        {
            "current": 3721.493,
            "min": 800.0,
            "max": 5000.0
        },
        {
            "current": 4071.832,
            "min": 800.0,
            "max": 5000.0
        },
        {
            "current": 4621.674,
            "min": 800.0,
            "max": 4900.0
        },
        {
            "current": 4644.473,
            "min": 800.0,
            "max": 4900.0
        },
        {
            "current": 3840.691,
            "min": 800.0,
            "max": 4900.0
        },
        {
            "current": 3600.0,
            "min": 800.0,
            "max": 4900.0
        },
        {
            "current": 1553.933,
            "min": 800.0,
            "max": 3800.0
        },
        {
            "current": 2285.713,
            "min": 800.0,
            "max": 3800.0
        },
        {
            "current": 1090.811,
            "min": 800.0,
            "max": 3800.0
        },
        {
            "current": 3728.87,
            "min": 800.0,
            "max": 3800.0
        }
    ],
    "disk": {
        "/": {
            "total": 732.4763107299805,
            "used": 607.7809867858887
        }
    },
    "gpu": "NVIDIA GeForce RTX 3090",
    "gpu_count": 1,
    "gpu_devices": [
        {
            "name": "NVIDIA GeForce RTX 3090",
            "memory_total": 25769803776
        }
    ],
    "memory": {
        "total": 62.60329818725586
    }
}
