{"scheduled_sampling": "\"m=0 (0.20) m=1 (0.80)\"", "_timestamp": 1717466280.3320613, "loss": 0.0013734386302530766, "lr": 0.0, "step": 11209, "_runtime": 7285.536491394043, "_step": 11210, "clean_images": {"_type": "images/separated", "width": 128, "height": 128, "format": "png", "count": 16, "filenames": ["media/images/clean_images_11209_402b195487d783e30741.png", "media/images/clean_images_11209_31b98ba9136b3f01599a.png", "media/images/clean_images_11209_43086f5c2999cada5555.png", "media/images/clean_images_11209_69cd6c63410a7c2395c5.png", "media/images/clean_images_11209_ed293265ee15f96e4974.png", "media/images/clean_images_11209_42ad2d4fef5d1d7ddcc8.png", "media/images/clean_images_11209_fff98ed719f8000b849c.png", "media/images/clean_images_11209_a11bbc524cb16baa686e.png", "media/images/clean_images_11209_c8babb41ceb9591c6f04.png", "media/images/clean_images_11209_8651e842f2178f105e80.png", "media/images/clean_images_11209_9fedf07effd690476bdf.png", "media/images/clean_images_11209_c3bfdb1efd4e0015f7ed.png", "media/images/clean_images_11209_167856f87c8ad6ae431c.png", "media/images/clean_images_11209_082424f9958dace1cc25.png", "media/images/clean_images_11209_db07a2eef9987b311ffd.png", "media/images/clean_images_11209_635cec3bbfabaea9be73.png"], "captions": ["B-3711.png", "C4243.png", "C-169.png", "C3470.png", "C8427.png", "A-3468.png", "C581.png", "A-991.png", "A-3865.png", "B-1221.png", "C8868.png", "A-2206.png", "A-1065.png", "C-947.png", "C8588.png", "C3085.png"]}, "noisy_images": {"_type": "images/separated", "width": 128, "height": 128, "format": "png", "count": 16, "filenames": ["media/images/noisy_images_11210_0dee3fc2cc90e81fa917.png", "media/images/noisy_images_11210_2a1c12d45237727bc88f.png", "media/images/noisy_images_11210_110c6c3370570695b891.png", "media/images/noisy_images_11210_bd949a0ae7b11d0e433b.png", "media/images/noisy_images_11210_c0589428a1d22cda79f2.png", "media/images/noisy_images_11210_1c260a4a794df12d47fc.png", "media/images/noisy_images_11210_628637a46862de945ac3.png", "media/images/noisy_images_11210_3d09612ebfcbf55fd865.png", "media/images/noisy_images_11210_f9a33cbe3920d676fa8f.png", "media/images/noisy_images_11210_b9004ef7c5f40a0f6cbe.png", "media/images/noisy_images_11210_ce1e77bba19bd8381a93.png", "media/images/noisy_images_11210_ba83e2c30a32fdb19e11.png", "media/images/noisy_images_11210_82685a50242c1daf6bf0.png", "media/images/noisy_images_11210_1e3033eb59be94e26049.png", "media/images/noisy_images_11210_36b5149cb631f675cdb2.png", "media/images/noisy_images_11210_559cecebd42e07664f1c.png"], "captions": ["B-3711.png", "C4243.png", "C-169.png", "C3470.png", "C8427.png", "A-3468.png", "C581.png", "A-991.png", "A-3865.png", "B-1221.png", "C8868.png", "A-2206.png", "A-1065.png", "C-947.png", "C8588.png", "C3085.png"]}, "_wandb": {"runtime": 7285}}