{"loss": 0.0025213095359504223, "lr": 3.588011320107326e-05, "step": 6830, "scheduled sampling": "\"m=0 (0.51) m=1 (0.49)\"", "_timestamp": 1717427082.0335503, "_runtime": 4584.303301334381, "_step": 6830, "clean_images": {"_type": "images/separated", "width": 128, "height": 128, "format": "png", "count": 16, "filenames": ["media/images/clean_images_6725_402b195487d783e30741.png", "media/images/clean_images_6725_31b98ba9136b3f01599a.png", "media/images/clean_images_6725_43086f5c2999cada5555.png", "media/images/clean_images_6725_69cd6c63410a7c2395c5.png", "media/images/clean_images_6725_ed293265ee15f96e4974.png", "media/images/clean_images_6725_42ad2d4fef5d1d7ddcc8.png", "media/images/clean_images_6725_fff98ed719f8000b849c.png", "media/images/clean_images_6725_a11bbc524cb16baa686e.png", "media/images/clean_images_6725_c8babb41ceb9591c6f04.png", "media/images/clean_images_6725_8651e842f2178f105e80.png", "media/images/clean_images_6725_9fedf07effd690476bdf.png", "media/images/clean_images_6725_c3bfdb1efd4e0015f7ed.png", "media/images/clean_images_6725_167856f87c8ad6ae431c.png", "media/images/clean_images_6725_082424f9958dace1cc25.png", "media/images/clean_images_6725_db07a2eef9987b311ffd.png", "media/images/clean_images_6725_635cec3bbfabaea9be73.png"], "captions": ["B-3711.png", "C4243.png", "C-169.png", "C3470.png", "C8427.png", "A-3468.png", "C581.png", "A-991.png", "A-3865.png", "B-1221.png", "C8868.png", "A-2206.png", "A-1065.png", "C-947.png", "C8588.png", "C3085.png"]}, "noisy_images": {"_type": "images/separated", "width": 128, "height": 128, "format": "png", "count": 16, "filenames": ["media/images/noisy_images_6726_243497ac064b15a3018a.png", "media/images/noisy_images_6726_cb40b0e363fcd2c0104d.png", "media/images/noisy_images_6726_e0db386f0ce13df6962f.png", "media/images/noisy_images_6726_2f6683ae242abaa3b8bc.png", "media/images/noisy_images_6726_b3caeab2970a0ffa8d98.png", "media/images/noisy_images_6726_fa0454e223342c63300a.png", "media/images/noisy_images_6726_08983a9efc5c8703044f.png", "media/images/noisy_images_6726_ffca3b126e9c2bb19529.png", "media/images/noisy_images_6726_ccd5cad54a84d5175e02.png", "media/images/noisy_images_6726_ae2e2a4f79e53aa94b8d.png", "media/images/noisy_images_6726_01ca4857f8bc017bc58d.png", "media/images/noisy_images_6726_52f74a7b79b137e0c606.png", "media/images/noisy_images_6726_35a91c0959a6409d62e3.png", "media/images/noisy_images_6726_3492e89a7f435d875d74.png", "media/images/noisy_images_6726_04e5fa4078228219760e.png", "media/images/noisy_images_6726_87240b3ac54eef8ddf00.png"], "captions": ["B-3711.png", "C4243.png", "C-169.png", "C3470.png", "C8427.png", "A-3468.png", "C581.png", "A-991.png", "A-3865.png", "B-1221.png", "C8868.png", "A-2206.png", "A-1065.png", "C-947.png", "C8588.png", "C3085.png"]}, "_wandb": {"runtime": 4584}}