{
    "os": "Linux-6.2.0-39-generic-x86_64-with-glibc2.35",
    "python": "3.10.12",
    "heartbeatAt": "2024-06-03T15:05:01.567109",
    "startedAt": "2024-06-03T15:05:00.932918",
    "docker": null,
    "cuda": null,
    "args": [
        "--dataset_name",
        "yuntian-deng/im2smiles-20k",
        "--save_dir",
        "models/molecules"
    ],
    "state": "running",
    "program": "/home/spooky/Documents/Github Projects/markup2im/src/train.py",
    "codePathLocal": "train.py",
    "codePath": "train.py",
    "host": "Ghost",
    "username": "spooky",
    "executable": "/home/spooky/Documents/Github Projects/markup2im/markup/bin/python",
    "cpu_count": 12,
    "cpu_count_logical": 20,
    "cpu_freq": {
        "current": 3703.7377500000002,
        "min": 800.0,
        "max": 4700.0
    },
    "cpu_freq_per_core": [
        {
            "current": 4673.747,
            "min": 800.0,
            "max": 4900.0
        },
        {
            "current": 4699.754,
            "min": 800.0,
            "max": 4900.0
        },
        {
            "current": 4679.155,
            "min": 800.0,
            "max": 4900.0
        },
        {
            "current": 4206.475,
            "min": 800.0,
            "max": 4900.0
        },
        {
            "current": 4489.055,
            "min": 800.0,
            "max": 4900.0
        },
        {
            "current": 4178.732,
            "min": 800.0,
            "max": 4900.0
        },
        {
            "current": 4498.805,
            "min": 800.0,
            "max": 4900.0
        },
        {
            "current": 4512.402,
            "min": 800.0,
            "max": 4900.0
        },
        {
            "current": 4581.297,
            "min": 800.0,
            "max": 5000.0
        },
        {
            "current": 4553.173,
            "min": 800.0,
            "max": 5000.0
        },
        {
            "current": 4700.0,
            "min": 800.0,
            "max": 5000.0
        },
        {
            "current": 4700.0,
            "min": 800.0,
            "max": 5000.0
        },
        {
            "current": 4571.839,
            "min": 800.0,
            "max": 4900.0
        },
        {
            "current": 4700.0,
            "min": 800.0,
            "max": 4900.0
        },
        {
            "current": 4555.585,
            "min": 800.0,
            "max": 4900.0
        },
        {
            "current": 4700.0,
            "min": 800.0,
            "max": 4900.0
        },
        {
            "current": 3504.683,
            "min": 800.0,
            "max": 3800.0
        },
        {
            "current": 3600.32,
            "min": 800.0,
            "max": 3800.0
        },
        {
            "current": 2813.921,
            "min": 800.0,
            "max": 3800.0
        },
        {
            "current": 2241.038,
            "min": 800.0,
            "max": 3800.0
        }
    ],
    "disk": {
        "/": {
            "total": 732.4763107299805,
            "used": 603.0607261657715
        }
    },
    "gpu": "NVIDIA GeForce RTX 3090",
    "gpu_count": 1,
    "gpu_devices": [
        {
            "name": "NVIDIA GeForce RTX 3090",
            "memory_total": 25769803776
        }
    ],
    "memory": {
        "total": 62.60329818725586
    }
}
