{
    "os": "Linux-6.2.0-39-generic-x86_64-with-glibc2.35",
    "python": "3.10.12",
    "heartbeatAt": "2024-06-03T13:09:10.380378",
    "startedAt": "2024-06-03T13:09:09.770831",
    "docker": null,
    "cuda": null,
    "args": [
        "--dataset_name",
        "yuntian-deng/im2smiles-20k",
        "--save_dir",
        "models/molecules"
    ],
    "state": "running",
    "program": "/home/spooky/Documents/Github Projects/markup2im/src/train.py",
    "codePathLocal": "train.py",
    "codePath": "train.py",
    "host": "Ghost",
    "username": "spooky",
    "executable": "/home/spooky/Documents/Github Projects/markup2im/markup/bin/python",
    "cpu_count": 12,
    "cpu_count_logical": 20,
    "cpu_freq": {
        "current": 2719.4338500000003,
        "min": 800.0,
        "max": 4700.0
    },
    "cpu_freq_per_core": [
        {
            "current": 2339.756,
            "min": 800.0,
            "max": 4900.0
        },
        {
            "current": 3600.0,
            "min": 800.0,
            "max": 4900.0
        },
        {
            "current": 3312.705,
            "min": 800.0,
            "max": 4900.0
        },
        {
            "current": 2388.412,
            "min": 800.0,
            "max": 4900.0
        },
        {
            "current": 3497.163,
            "min": 800.0,
            "max": 4900.0
        },
        {
            "current": 3600.0,
            "min": 800.0,
            "max": 4900.0
        },
        {
            "current": 2913.076,
            "min": 800.0,
            "max": 4900.0
        },
        {
            "current": 3600.0,
            "min": 800.0,
            "max": 4900.0
        },
        {
            "current": 2995.103,
            "min": 800.0,
            "max": 5000.0
        },
        {
            "current": 3600.0,
            "min": 800.0,
            "max": 5000.0
        },
        {
            "current": 3386.148,
            "min": 800.0,
            "max": 5000.0
        },
        {
            "current": 3600.0,
            "min": 800.0,
            "max": 5000.0
        },
        {
            "current": 2904.153,
            "min": 800.0,
            "max": 4900.0
        },
        {
            "current": 3600.0,
            "min": 800.0,
            "max": 4900.0
        },
        {
            "current": 3505.486,
            "min": 800.0,
            "max": 4900.0
        },
        {
            "current": 3600.0,
            "min": 800.0,
            "max": 4900.0
        },
        {
            "current": 3600.0,
            "min": 800.0,
            "max": 3800.0
        },
        {
            "current": 3600.0,
            "min": 800.0,
            "max": 3800.0
        },
        {
            "current": 1776.624,
            "min": 800.0,
            "max": 3800.0
        },
        {
            "current": 1344.445,
            "min": 800.0,
            "max": 3800.0
        }
    ],
    "disk": {
        "/": {
            "total": 732.4763107299805,
            "used": 600.9550437927246
        }
    },
    "gpu": "NVIDIA GeForce RTX 3090",
    "gpu_count": 1,
    "gpu_devices": [
        {
            "name": "NVIDIA GeForce RTX 3090",
            "memory_total": 25769803776
        }
    ],
    "memory": {
        "total": 62.60329818725586
    }
}
