{"loss": 1.0987337827682495, "lr": 4.000000000000001e-06, "step": 19, "scheduled sampling": "\"m=0 (1.00) m=1 (0.00)\"", "_timestamp": 1717420240.3105378, "_runtime": 90.53771591186523, "_step": 19, "clean_images": {"_type": "image-file", "sha256": "c566b70f5a6bcffdcdc4aacc58ea02245fbed7937aabea4813bf94f5cd6bb9b5", "size": 63696, "path": "media/images/clean_images_11_c566b70f5a6bcffdcdc4.png", "format": "png", "width": 1042, "height": 262, "caption": "Images Epoch 5"}, "noisy_images": {"_type": "image-file", "sha256": "800471db3acf1772eefd7f1389d8a3e500cde0b0ca0c94a570fa39f2fb1373fe", "size": 703774, "path": "media/images/noisy_images_12_800471db3acf1772eefd.png", "format": "png", "width": 1042, "height": 262, "caption": "Noisy Images Epoch 5"}, "_wandb": {"runtime": 97}}