{
    "os": "Linux-6.2.0-39-generic-x86_64-with-glibc2.35",
    "python": "3.10.12",
    "heartbeatAt": "2024-05-27T16:41:27.704286",
    "startedAt": "2024-05-27T16:41:27.011106",
    "docker": null,
    "cuda": null,
    "args": [
        "--dataset_name",
        "yuntian-deng/im2smiles-20k",
        "--save_dir",
        "models/molecules"
    ],
    "state": "running",
    "program": "/home/spooky/Documents/Github Projects/markup2im/src/train.py",
    "codePathLocal": "src/train.py",
    "codePath": "src/train.py",
    "host": "Ghost",
    "username": "spooky",
    "executable": "/home/spooky/Documents/Github Projects/markup2im/markup/bin/python",
    "cpu_count": 12,
    "cpu_count_logical": 20,
    "cpu_freq": {
        "current": 2565.7516,
        "min": 800.0,
        "max": 4700.0
    },
    "cpu_freq_per_core": [
        {
            "current": 1067.123,
            "min": 800.0,
            "max": 4900.0
        },
        {
            "current": 3600.0,
            "min": 800.0,
            "max": 4900.0
        },
        {
            "current": 1429.934,
            "min": 800.0,
            "max": 4900.0
        },
        {
            "current": 3600.0,
            "min": 800.0,
            "max": 4900.0
        },
        {
            "current": 1524.113,
            "min": 800.0,
            "max": 4900.0
        },
        {
            "current": 3600.0,
            "min": 800.0,
            "max": 4900.0
        },
        {
            "current": 1612.12,
            "min": 800.0,
            "max": 4900.0
        },
        {
            "current": 869.653,
            "min": 800.0,
            "max": 4900.0
        },
        {
            "current": 1126.64,
            "min": 800.0,
            "max": 5000.0
        },
        {
            "current": 1464.915,
            "min": 800.0,
            "max": 5000.0
        },
        {
            "current": 1429.639,
            "min": 800.0,
            "max": 5000.0
        },
        {
            "current": 3600.0,
            "min": 800.0,
            "max": 5000.0
        },
        {
            "current": 1476.037,
            "min": 800.0,
            "max": 4900.0
        },
        {
            "current": 3600.0,
            "min": 800.0,
            "max": 4900.0
        },
        {
            "current": 1078.042,
            "min": 800.0,
            "max": 4900.0
        },
        {
            "current": 3600.0,
            "min": 800.0,
            "max": 4900.0
        },
        {
            "current": 1160.457,
            "min": 800.0,
            "max": 3800.0
        },
        {
            "current": 1777.47,
            "min": 800.0,
            "max": 3800.0
        },
        {
            "current": 1109.111,
            "min": 800.0,
            "max": 3800.0
        },
        {
            "current": 1202.064,
            "min": 800.0,
            "max": 3800.0
        }
    ],
    "disk": {
        "/": {
            "total": 732.4763107299805,
            "used": 591.560188293457
        }
    },
    "gpu": "NVIDIA GeForce RTX 3090",
    "gpu_count": 1,
    "gpu_devices": [
        {
            "name": "NVIDIA GeForce RTX 3090",
            "memory_total": 25769803776
        }
    ],
    "memory": {
        "total": 62.603302001953125
    }
}
