{"scheduled_sampling": "\"m=0 (0.72) m=1 (0.28)\"", "_timestamp": 1717458967.5639362, "loss": 0.001190611976198852, "lr": 7.253382577811369e-05, "step": 39691, "_runtime": 23873.443830251694, "_step": 39692, "clean_images": {"_type": "images/separated", "width": 128, "height": 128, "format": "png", "count": 16, "filenames": ["media/images/clean_images_34750_402b195487d783e30741.png", "media/images/clean_images_34750_31b98ba9136b3f01599a.png", "media/images/clean_images_34750_43086f5c2999cada5555.png", "media/images/clean_images_34750_69cd6c63410a7c2395c5.png", "media/images/clean_images_34750_ed293265ee15f96e4974.png", "media/images/clean_images_34750_42ad2d4fef5d1d7ddcc8.png", "media/images/clean_images_34750_fff98ed719f8000b849c.png", "media/images/clean_images_34750_a11bbc524cb16baa686e.png", "media/images/clean_images_34750_c8babb41ceb9591c6f04.png", "media/images/clean_images_34750_8651e842f2178f105e80.png", "media/images/clean_images_34750_9fedf07effd690476bdf.png", "media/images/clean_images_34750_c3bfdb1efd4e0015f7ed.png", "media/images/clean_images_34750_167856f87c8ad6ae431c.png", "media/images/clean_images_34750_082424f9958dace1cc25.png", "media/images/clean_images_34750_db07a2eef9987b311ffd.png", "media/images/clean_images_34750_635cec3bbfabaea9be73.png"], "captions": ["B-3711.png", "C4243.png", "C-169.png", "C3470.png", "C8427.png", "A-3468.png", "C581.png", "A-991.png", "A-3865.png", "B-1221.png", "C8868.png", "A-2206.png", "A-1065.png", "C-947.png", "C8588.png", "C3085.png"]}, "noisy_images": {"_type": "images/separated", "width": 128, "height": 128, "format": "png", "count": 16, "filenames": ["media/images/noisy_images_34751_608251ab9dd1eae81ca7.png", "media/images/noisy_images_34751_42c93f40ed10ae8aff15.png", "media/images/noisy_images_34751_0a474013ddc99282f3d1.png", "media/images/noisy_images_34751_c94c54c029d01a1c6d41.png", "media/images/noisy_images_34751_15b505d208619ccf1bf3.png", "media/images/noisy_images_34751_324c9c33fd30b1aa22b4.png", "media/images/noisy_images_34751_272bb7b1699859080298.png", "media/images/noisy_images_34751_ea8dc835144031150b98.png", "media/images/noisy_images_34751_e399c6c9eb9d84101068.png", "media/images/noisy_images_34751_b1b42a7dfe15b5f76d15.png", "media/images/noisy_images_34751_bb0b6e8a55a8536ee33a.png", "media/images/noisy_images_34751_8adca25c344ce362bc61.png", "media/images/noisy_images_34751_d517b1edab75ea3f239b.png", "media/images/noisy_images_34751_bdc976cef6f1fd1c016d.png", "media/images/noisy_images_34751_3b76b4634a71dd5a5e6b.png", "media/images/noisy_images_34751_6d1654f5fbf73b723afa.png"], "captions": ["B-3711.png", "C4243.png", "C-169.png", "C3470.png", "C8427.png", "A-3468.png", "C581.png", "A-991.png", "A-3865.png", "B-1221.png", "C8868.png", "A-2206.png", "A-1065.png", "C-947.png", "C8588.png", "C3085.png"]}, "_wandb": {"runtime": 23873}}