{
    "os": "Linux-6.2.0-39-generic-x86_64-with-glibc2.35",
    "python": "3.10.12",
    "heartbeatAt": "2024-05-27T16:19:12.628881",
    "startedAt": "2024-05-27T16:19:11.996612",
    "docker": null,
    "cuda": null,
    "args": [
        "--dataset_name",
        "yuntian-deng/im2smiles-20k",
        "--save_dir",
        "models/molecules"
    ],
    "state": "running",
    "program": "/home/spooky/Documents/Github Projects/markup2im/src/train.py",
    "codePathLocal": "src/train.py",
    "codePath": "src/train.py",
    "host": "Ghost",
    "username": "spooky",
    "executable": "/home/spooky/Documents/Github Projects/markup2im/markup/bin/python",
    "cpu_count": 12,
    "cpu_count_logical": 20,
    "cpu_freq": {
        "current": 2361.9584500000005,
        "min": 800.0,
        "max": 4700.0
    },
    "cpu_freq_per_core": [
        {
            "current": 1869.621,
            "min": 800.0,
            "max": 4900.0
        },
        {
            "current": 984.963,
            "min": 800.0,
            "max": 4900.0
        },
        {
            "current": 1918.767,
            "min": 800.0,
            "max": 4900.0
        },
        {
            "current": 3600.0,
            "min": 800.0,
            "max": 4900.0
        },
        {
            "current": 2025.481,
            "min": 800.0,
            "max": 4900.0
        },
        {
            "current": 1730.024,
            "min": 800.0,
            "max": 4900.0
        },
        {
            "current": 2687.878,
            "min": 800.0,
            "max": 4900.0
        },
        {
            "current": 3600.0,
            "min": 800.0,
            "max": 4900.0
        },
        {
            "current": 2530.779,
            "min": 800.0,
            "max": 5000.0
        },
        {
            "current": 3600.0,
            "min": 800.0,
            "max": 5000.0
        },
        {
            "current": 2364.292,
            "min": 800.0,
            "max": 5000.0
        },
        {
            "current": 3600.0,
            "min": 800.0,
            "max": 5000.0
        },
        {
            "current": 2188.185,
            "min": 800.0,
            "max": 4900.0
        },
        {
            "current": 1258.658,
            "min": 800.0,
            "max": 4900.0
        },
        {
            "current": 2253.986,
            "min": 800.0,
            "max": 4900.0
        },
        {
            "current": 3600.0,
            "min": 800.0,
            "max": 4900.0
        },
        {
            "current": 1862.624,
            "min": 800.0,
            "max": 3800.0
        },
        {
            "current": 1711.766,
            "min": 800.0,
            "max": 3800.0
        },
        {
            "current": 1765.29,
            "min": 800.0,
            "max": 3800.0
        },
        {
            "current": 2086.855,
            "min": 800.0,
            "max": 3800.0
        }
    ],
    "disk": {
        "/": {
            "total": 732.4763107299805,
            "used": 591.4891319274902
        }
    },
    "gpu": "NVIDIA GeForce RTX 3090",
    "gpu_count": 1,
    "gpu_devices": [
        {
            "name": "NVIDIA GeForce RTX 3090",
            "memory_total": 25769803776
        }
    ],
    "memory": {
        "total": 62.603302001953125
    }
}
