{
    "os": "Linux-6.2.0-39-generic-x86_64-with-glibc2.35",
    "python": "3.10.12",
    "heartbeatAt": "2024-06-03T16:49:31.133610",
    "startedAt": "2024-06-03T16:49:30.491018",
    "docker": null,
    "cuda": null,
    "args": [],
    "state": "running",
    "program": "/home/spooky/Documents/Github Projects/markup2im/src/train.py",
    "codePathLocal": "train.py",
    "codePath": "train.py",
    "host": "Ghost",
    "username": "spooky",
    "executable": "/home/spooky/Documents/Github Projects/markup2im/markup/bin/python3.10",
    "cpu_count": 12,
    "cpu_count_logical": 20,
    "cpu_freq": {
        "current": 1897.2570999999996,
        "min": 800.0,
        "max": 4700.0
    },
    "cpu_freq_per_core": [
        {
            "current": 2432.823,
            "min": 800.0,
            "max": 4900.0
        },
        {
            "current": 1359.93,
            "min": 800.0,
            "max": 4900.0
        },
        {
            "current": 2432.748,
            "min": 800.0,
            "max": 4900.0
        },
        {
            "current": 1638.334,
            "min": 800.0,
            "max": 4900.0
        },
        {
            "current": 2345.374,
            "min": 800.0,
            "max": 4900.0
        },
        {
            "current": 1286.142,
            "min": 800.0,
            "max": 4900.0
        },
        {
            "current": 2432.772,
            "min": 800.0,
            "max": 4900.0
        },
        {
            "current": 2440.369,
            "min": 800.0,
            "max": 4900.0
        },
        {
            "current": 2432.733,
            "min": 800.0,
            "max": 5000.0
        },
        {
            "current": 2039.69,
            "min": 800.0,
            "max": 5000.0
        },
        {
            "current": 2188.048,
            "min": 800.0,
            "max": 5000.0
        },
        {
            "current": 1081.126,
            "min": 800.0,
            "max": 5000.0
        },
        {
            "current": 2313.498,
            "min": 800.0,
            "max": 4900.0
        },
        {
            "current": 2342.516,
            "min": 800.0,
            "max": 4900.0
        },
        {
            "current": 2432.808,
            "min": 800.0,
            "max": 4900.0
        },
        {
            "current": 2439.316,
            "min": 800.0,
            "max": 4900.0
        },
        {
            "current": 1835.14,
            "min": 800.0,
            "max": 3800.0
        },
        {
            "current": 1834.933,
            "min": 800.0,
            "max": 3800.0
        },
        {
            "current": 1834.937,
            "min": 800.0,
            "max": 3800.0
        },
        {
            "current": 1834.909,
            "min": 800.0,
            "max": 3800.0
        }
    ],
    "disk": {
        "/": {
            "total": 732.4763107299805,
            "used": 603.1791687011719
        }
    },
    "gpu": "NVIDIA GeForce RTX 3090",
    "gpu_count": 1,
    "gpu_devices": [
        {
            "name": "NVIDIA GeForce RTX 3090",
            "memory_total": 25769803776
        }
    ],
    "memory": {
        "total": 62.60329818725586
    }
}
