{"loss": 1.0974698066711426, "lr": 4.000000000000001e-06, "step": 19, "scheduled sampling": "\"m=0 (1.00) m=1 (0.00)\"", "_timestamp": 1717422355.1594224, "_runtime": 114.43966245651245, "_step": 20, "clean_images": {"_type": "image-file", "sha256": "c566b70f5a6bcffdcdc4aacc58ea02245fbed7937aabea4813bf94f5cd6bb9b5", "size": 63696, "path": "media/images/clean_images_19_c566b70f5a6bcffdcdc4.png", "format": "png", "width": 1042, "height": 262, "caption": "Images Epoch 9"}, "noisy_images": {"_type": "image-file", "sha256": "9b8a6f07140aabee3ca3f3633a88c02fb8164027e5478d5ed0d9065e50239051", "size": 697632, "path": "media/images/noisy_images_20_9b8a6f07140aabee3ca3.png", "format": "png", "width": 1042, "height": 262, "caption": "Noisy Images Epoch 9"}, "_wandb": {"runtime": 114}}